	hESC	HFF
ATAC_seq	0.5306131127663126	8.666435145239642
CTCF	0.8958373692328812	1.1315725078824448
H3K4me1	1.158186428790391	0.8798315933974022
H3K4me3	1.5047124882552232	0.7488274037820992
H3K27ac	1.0868103150169606	0.9260320474986443
H3K27me3	1.1739825261693897	0.8709294978623353
